,Source,ID,Author,Title,Year,Venue,Link,Type    ,Unnamed: 8,Name,"Inclusion:  1. Papers addressing GenAI for RE AND 2. fully written in English
Exclusion: 1. Papers focusing on GenAI for SE but not specifically on RE
OR 2. Papers considering BERT as a GenAI or LLM OR 3. Gray literature such as book chapters, Ph.D. theses, white papers, survey
papers, and blogs",Inclusion,full paper/ short paper,"Elicitation
","Analysis
","Specification
","Validation
",Management,RE Align with GenAI,Characteristics of the model (ISO/IEC 25059),Model Type,Fine-tuning,Parameters (Especially temperature),Prompt Engineering (Learning paradigms),Prompt Type,Task Specificity,Prompt Availability,Q1: Is the research goal and context clearly stated in the paper?,Q2: Is the research methodology appropriate and rigorously applied to meet the stated objectives?,Q3: Is the data analysis comprehensive and are the results thoroughly presented?,Q4: Are the limitations adequately discussed and are meaningful suggestions provided for future research?,TOTAL,Bias and Fairness,Ethical and Regulatory Concerns,Security and Privacy,Interpretability and Explainability,Computational and Economic Cost,Real-Time Processing,Hallucinations,Reproducibility,Controllability,Authorship and Copyright
1,Scopus,1,Alter S.,Could a Large Language Model Contribute Significantly to Requirements Analysis?,2024,Lecture Notes in Business Information Processing,https://www.scopus.com/inward/record.uri?eid=2-s2.0-85197103918&doi=10.1007%2f978-3-031-61007-3_19&partnerID=40&md5=406d6ed33ca28a57f26ece1e2e6318a9,Conference paper,1,Haowei,ChatGPT in RE,YES,full,,✓,,,,Analyzing System Requirements with the Aid of ChatGPT-4,"Functional Suitability, relialibity",ChatGPT-4,NO,-,-,Instruction，Iterative,System Structure Analysis and Requirement Situation Analysi,YES,1,1,0.5,1,3.5,no,no,no,no,no,no,YES,YES,no,no
2,Scopus,3,Nouri A.; Cabrero-Daniel B.; Torner F.; Sivencrona H.; Berger C.,Engineering Safety Requirements for Autonomous Driving with Large Language Models,2024,Proceedings of the IEEE International Conference on Requirements Engineering,https://www.scopus.com/inward/record.uri?eid=2-s2.0-85198180648&doi=10.1109%2fRE59067.2024.00029&partnerID=40&md5=317ea27f5761c7c9bb14ff4451102c7f,Conference paper,3,,GPT in RE,YES,full,,,,✓,✓,"Generative AI supports RE by automating the specification, validation, and management of safety requirements.",Reliability，Security,GPT-4,No,-,FS,Instuction and Iterative,Engineering safety requirements,Available,1,1,1,0.5,3.5,no,YES,no,YES,YES,no,YES,YES,YES,no
3,Scopus,5,Gärtner A.E.; Göhlich D.,Automated requirement contradiction detection through formal logic and LLMs,2024,Automated Software Engineering,https://www.scopus.com/inward/record.uri?eid=2-s2.0-85195535591&doi=10.1007%2fs10515-024-00452-x&partnerID=40&md5=38f7fd3126f46b82b1f306541ac340e1,Article,5,Haowei,LLM in RE,YES,full,,✓,,✓,,improving contradiction detection accuracy and efficiency,"Reliability,Functional Suitability, Compatibility，Performance Efficiency",GPT-3,NO,temperature:0,FS COT,"Question, Instruction",Contradiction detection between requirement pairs,Available,1,1,1,1,4,NO,NO,no,Explainability,Computational,NO,no,YES,no,no
4,Scopus,6,Ferrari A.; Abualhaijal S.; Arora C.,Model Generation with LLMs: From Requirements to UML Sequence Diagrams,2024,"Proceedings - 32nd IEEE International Requirements Engineering Conference Workshops, REW 2024",https://www.scopus.com/inward/record.uri?eid=2-s2.0-85203104651&doi=10.1109%2fREW61692.2024.00044&partnerID=40&md5=aa4d86c40139c05c35b7a2bf861fcb65,Conference paper,6,Haowei,LLM in RE,YES,full,,,✓,,,Automatic UML Sequence Diagram Generation for Natural Language Requirements,Functional Suitability，Reliability，Performance Efficiency,ChatGPT,NO,-,-,instruction，Iterative,Requirements to UML sequence diagram transformation,Available,1,1,1,1,4,no,No,NO,YES,NO,no,YES,no,YES,no
5,Scopus,7,Lian X.; Ma J.; Lv H.; Zhang L.,ReqCompletion: Domain-Enhanced Automatic Completion for Software Requirements,2024,Proceedings of the IEEE International Conference on Requirements Engineering,https://www.scopus.com/inward/record.uri?eid=2-s2.0-85202750940&doi=10.1109%2fRE59067.2024.00023&partnerID=40&md5=0a64a29adbf00d6f0ea32078e15e2e6f,Conference paper,7,Haowei,GenAI for RE,YES,full,,,✓,,,Use GenAI to improve requirements writing efficiency,"Functional Suitability,Performance Efficiency,Interaction Capability",GPT-2,YES,-,-,-,Context-aware requirement writing,,1,1,1,1,4,no,No,NO,NO,NO,YES,no,no,no,no
6,Scopus,10,Arora C.; Herda T.; Homm V.,Generating Test Scenarios from NL Requirements Using Retrieval-Augmented LLMs: An Industrial Study,2024,Proceedings of the IEEE International Conference on Requirements Engineering,https://www.scopus.com/inward/record.uri?eid=2-s2.0-85202782130&doi=10.1109%2fRE59067.2024.00031&partnerID=40&md5=270d40e949bba76cb02755d0c136ffcb,Conference paper,10,Haowei,LLM in RE,YES,full,,,,✓,,Automate Requirements Analysis and Test Scenario Generation with LLM,"Functional Suitability, Reliability, ",GPT-3.5,No,temperature:0,FS，ZS,Instruction,Test Scenario Generation,Available,1,1,1,1,4,no,No,NO,NO,NO,NO,YES,no,no,no
7,Scopus,14,Rejithkumar G.; Anish P.R.; Shukla J.; Ghaisas S.,Probing with Precision: Probing Question Generation for Architectural Information Elicitation,2024,"Proceedings - 2024 IEEE/ACM Workshop on Multi-disciplinary, Open, and RElevant Requirements Engineering, MO2RE 2024",https://www.scopus.com/inward/record.uri?eid=2-s2.0-85202449923&doi=10.1145%2f3643666.3648577&partnerID=40&md5=acafcc84d8ceba7ee6483e45adbd3ee8,Conference paper,14,Haowei,LLM in RE,YES,full,✓,,,,,Automatic generation of probing questions related to architectural information from software requirements,Functional Suitability，Reliability，Performance Efficiency,GPT-3.5-turbo,No,,FS,Instruction,"identification, generating targeted probing questions.",Available,1,1,1,1,4,no,No,NO,NO,no,no,no,YES,no,no
8,Scopus,16,Khakzad Shahandashti K.; Sivakumar M.; Mohajer M.M.; Boaye Belle A.; Wang S.; Lethbridge T.,Assessing the Impact of GPT-4 Turbo in Generating Defeaters for Assurance Cases,2024,"Proceedings - 2024 IEEE/ACM 1st International Conference on AI Foundation Models and Software Engineering, FORGE 2024",https://www.scopus.com/inward/record.uri?eid=2-s2.0-85197284933&doi=10.1145%2f3650105.3652291&partnerID=40&md5=04cdab32f27799d68ede841be757cf94,Conference paper,16,Haowei,GPT in RE,YES,short,,,,✓,,GPT-4 Turbo verifies that the non-functional requirements of the software system are correctly implemented,Functional Suitability，Reliability,GPT-4 Turbo,No,-,"FS, COT",Instruction,Assurance case validation,Available,1,1,1,1,4,no,No,NO,NO,no,no,no,YES,no,no
9,Scopus,17,Kolthoff K.; Kretzer F.; Bartelt C.; Maedche A.; Ponzetto S.P.,Interlinking User Stories and GUI Prototyping: A Semi-Automatic LLM-Based Approach,2024,Proceedings of the IEEE International Conference on Requirements Engineering,https://www.scopus.com/inward/record.uri?eid=2-s2.0-85202735814&doi=10.1109%2fRE59067.2024.00045&partnerID=40&md5=3d10a9520bbfe8f01779c27f8828421c,Conference paper,17,Haowei,LLM in RE,YES,full,✓,,,✓,,Support validation and optimization of GUI prototyping in requirements engineering through LLM,Interaction Capability， Reliability，Flexibility,GPT-4,No,temperature:0,"FS,ZS, COT",Instruction,"Requirements realization detection, GUI component recommendation",Available,1,1,1,1,4,no,No,NO,YES,no,no,YES,YES,no,no
10,Scopus,18,Bragilovski M.; Van Can A.T.; Dalpiaz F.; Sturm A.,Deriving Domain Models From User Stories: Human vs. Machines,2024,Proceedings of the IEEE International Conference on Requirements Engineering,https://www.scopus.com/inward/record.uri?eid=2-s2.0-85202714739&doi=10.1109%2fRE59067.2024.00014&partnerID=40&md5=6dd2268d836bcb322d3649953a1b2b11,Conference paper,18,Haowei,GPT in RE,YES,full,,✓,,,,Enhance domain model extraction,Functional Suitability，Performance Efficiency,GPT-4,No,-,ZS,Instruction,Domain model extraction from user stories,Available,1,1,1,1,4,no,No,NO,YES,no,no,no,YES,no,no
11,Scopus,19,Alawaji B.; Hakami M.; Alshemaimri B.,Evaluating Generative Language Models with Prompt Engineering for Categorizing User Stories to its Sector Domains,2024,"2024 IEEE 9th International Conference for Convergence in Technology, I2CT 2024",https://www.scopus.com/inward/record.uri?eid=2-s2.0-85196834386&doi=10.1109%2fI2CT61223.2024.10544242&partnerID=40&md5=17098065a3814fb1c17cd702c9487e2f,Conference paper,19,Haowei,GPT in RE,YES,full,,✓,,,,Improve requirement classification,Functional Suitability， Performance Efficiency,GPT-3.5-turbo，Llama-2-chat-hf,No,temperature:0,ZS、FS,Instruction,User story domain classification,Available,1,1,1,1,4,NO,NO,NO,Explainability,no,no,YES,YES,YES,no
12,Scopus,24,Cheng Y.; Chen J.; Huang Q.; Xing Z.; Xu X.; Lu Q.,Prompt Sapper: A LLM-Empowered Production Tool for Building AI Chains,2024,ACM Transactions on Software Engineering and Methodology,https://www.scopus.com/inward/record.uri?eid=2-s2.0-85187400144&doi=10.1145%2f3638247&partnerID=40&md5=37a4b47d9e8fefa20f0d887f69306946,Article,24,Haowei,,YES,full,✓,✓,,,,Requirements  acquisition and analysis aided by LLM co-pilot,Functional Suitabilit，Usability，Interaction Capability,GPT-3.5/4,YES,-,FS,Question，description,Requirements  acquisition and analysis,Available,1,1,1,1,4,no,no,no,Explainability,computational,no,no,YES,YES,YES
13,Scopus,26,Wei B.,Requirements are All You Need: From Requirements to Code with LLMs,2024,Proceedings of the IEEE International Conference on Requirements Engineering,https://www.scopus.com/inward/record.uri?eid=2-s2.0-85202706646&doi=10.1109%2fRE59067.2024.00049&partnerID=40&md5=2397641bfe4b4e34a2edb3ddda92010d,Conference paper,26,Haowei,GPT in RE,YES,full,,✓,✓,,,Automatic generation of object-oriented designs based on requirements,Functional Suitability，Maintainability，Reliability,Software Engineer GPT,YES,-,FS,Instruction，iterative,Requirements Understanding and Functional Requirements Extraction,YES,1,1,0.5,1,3.5,no,no,no,YES,no,no,YES,YES,YES,no
14,Scopus,28,Norheim J.J.; Rebentisch E.,Structuring Natural Language Requirements with Large Language Models,2024,"Proceedings - 32nd IEEE International Requirements Engineering Conference Workshops, REW 2024",https://www.scopus.com/inward/record.uri?eid=2-s2.0-85203107747&doi=10.1109%2fREW61692.2024.00013&partnerID=40&md5=18502d182f23c7478fb9434510e9f1be,Conference paper,28,Haowei,,YES,short,,,✓,,,Converting NL requirements into structured and semi-formalized requirements representations,Functional Suitability,GPT-4,NO,temp 0,OS,Instruction,Natural language requirements translation to structured formats,YES,0.5,0.5,0,1,2,no,no,no,no,no,no,no,YES,YES,no
15,Scopus,29,Feng N.; Marsso L.; Yaman S.G.; Standen I.; Baatartogtokh Y.; Ayad R.; De Mello V.O.; Townsend B.; Bartels H.; Cavalcanti A.; Calinescu R.; Chechik M.,Normative Requirements Operationalization with Large Language Models,2024,Proceedings of the IEEE International Conference on Requirements Engineering,https://www.scopus.com/inward/record.uri?eid=2-s2.0-85202749254&doi=10.1109%2fRE59067.2024.00022&partnerID=40&md5=34934c2a4957aa5054a569c726650feb,Conference paper,29,Haowei,,YES,full,✓,,,✓,,The paper aims to use LLMs to extract semantic relationships between system capabilities,Functional Suitability，Reliability,GPT-4,NO,-,FS,Instruction,"Semantic relationship extraction, standardized demand analysis, demand verification",YES,1,1,0.5,1,3.5,no,YES,no,YES,no,no,YES,YES,YES,no
16,Scopus,31,Hasso H.; Fischer-Starcke B.; Geppert H.,Quest-RE QUestion Generation and Exploration STrategy for Requirements Engineering,2024,"Proceedings - 32nd IEEE International Requirements Engineering Conference Workshops, REW 2024",https://www.scopus.com/inward/record.uri?eid=2-s2.0-85203105440&doi=10.1109%2fREW61692.2024.00006&partnerID=40&md5=2672e6d4b43544922cb65c51790945a3,Conference paper,31,Haowei,,YES,full,✓,✓,✓,,,Use LLM to generate relevant questions to explore and analyze requirements,"Functional Suitability,Reliability ,Interaction Capability",ChatGPT-4,NO,-,-,Instruction,Requirements-related question generation,YES,1,0.5,0.5,1,3,no,no,no,no,no,no,YES,YES,no,no
17,Scopus,32,ter Beek M.H.; Fantechi A.; Gnesi S.; Lenzini G.; Petrocchi M.,Can AI Help with the Formalization of Railway Cybersecurity Requirements?,2024,Lecture Notes in Computer Science (including subseries Lecture Notes in Artificial Intelligence and Lecture Notes in Bioinformatics),https://www.scopus.com/inward/record.uri?eid=2-s2.0-85206976813&doi=10.1007%2f978-3-031-73709-1_12&partnerID=40&md5=55ce8966b30b976b5a53bd2bef8e220f,Conference paper,32,Haowei,LLM in RE,YES,full,,,✓,,,formalizing informal requirements into a controlled natural language specification,Functional Suitability， Reliability，Interaction Capability,GPT-3.5，GPT-4,NO,-,FS,Iterative,Natural language to CNL4DSA translation for railway cybersecurity requirements.,YES,1,0.5,0.5,1,3,no,no,YES,YES,no,no,YES,YES,no,no
18,Scopus,33,Alharbi R.; Tamma V.; Grasso F.; Payne T.,An Experiment in Retrofitting Competency Questions for Existing Ontologies,2024,Proceedings of the ACM Symposium on Applied Computing,https://www.scopus.com/inward/record.uri?eid=2-s2.0-85195594103&doi=10.1145%2f3605098.3636053&partnerID=40&md5=53f9a5de78bb9f406e56b7d96ba294e8,Conference paper,33,Haowei,ChatGPT，LLaMA in RE,YES,full,,,✓,,,Extracting and Generating Competency Problems from Existing Ontologies Using LLMs,Functional Suitability，Reliability，Accuracy,GPT-3.5-turbo，GPT-4，LLaMA-2,NO,-,ZS,Instruction，description,Competency Questions Generation,Available,1,1,1,1,4,no,no,no,YES,no,no,YES,YES,YES,no
19,Scopus,34,Han H.; Kim J.; Yoo J.; Lee Y.; Hwang S.-W.,ARCHCODE: Incorporating Software Requirements in Code Generation with Large Language Models,2024,Proceedings of the Annual Meeting of the Association for Computational Linguistics,https://www.scopus.com/inward/record.uri?eid=2-s2.0-85204448005&partnerID=40&md5=4297201f8bf1f4f11665c0f25a0f0fcb,Conference paper,34,Haowei,LLM in RE,YES,full,,,✓,✓,,Automatically Extracting and Inferring Software Requirements from Text Descriptions with GenAI,Functional Suitability，Reliability，Maintainability,GPT-3.5-Turbo，WizardCoder 7B，SantaCoder 1B,NO,temperature:0.8,FS,Instruction,Extracting Software Requirements from Textual Descriptions,Available,1,1,1,0.5,3.5,no,no,no,YES,Computational,no,YES,YES,YES,no
20,Scopus,38,Khan N.D.; Khan J.A.; Li J.; Ullah T.; Zhao Q.,Leveraging Large Language Model ChatGPT for enhanced understanding of end-user emotions in social media feedbacks,2024,Expert Systems with Applications,https://www.scopus.com/inward/record.uri?eid=2-s2.0-85206451604&doi=10.1016%2fj.eswa.2024.125524&partnerID=40&md5=fdf7e93820b9309bd3f1f54653aa8878,Article,38,Haowei,GPT in RE,YES,full,✓,,,,,Improve the requirements elicitation process,"Functional Suitability,Performance Efficiency,Reliability:",GPT-3.5 Turbo,no,-,ZS,Instruction ,Emotion Classification,YES,1,1,1,0.5,3.5,YES,no,no,YES,YES,no,YES,YES,YES,no
21,Scopus,42,Hou F.; Chen Y.; Shi X.; Li M.; Zhao X.,LLM-based user requirement analysis and intelligent Q&A toward Chang'an Twelve Hours,2024,"Proceedings - 2024 International Conference on Culture-Oriented Science and Technology, CoST 2024",https://www.scopus.com/inward/record.uri?eid=2-s2.0-85205777312&doi=10.1109%2fCoST64302.2024.00038&partnerID=40&md5=6ed5e409feff889f27c5c5240214a173,Conference paper,42,Haowei,LLM in RE,YES,full,✓,✓,✓,,,Uses LLM to mine implicit user requirements ,Functional Suitability，Reliability， Performance Efficiency,m3e-base，LLM(no mentioned specific model),NO,-,FS,Description and Question,user requirement refinement for tourism domain Q&A,Available,1,1,1,0.5,3.5,no,no,no,no,no,YES,YES,no,no,no
22,Scopus,43,Ronanki K.; Cabrero-Daniel B.; Horkoff J.; Berger C.,Requirements Engineering Using Generative AI: Prompts and Prompting Patterns,2024,Generative AI for Effective Software Developments,https://www.scopus.com/inward/record.uri?eid=2-s2.0-85197030582&doi=10.1007%2f978-3-031-55642-5_5&partnerID=40&md5=6a84dc502bdf787ebc14798fab0169e5,Book chapter,43,Haowei,,YES,full,,✓,,,,This paper evaluates the effectiveness of different prompt patterns for automating requirements classification and tracing tasks using GPT-3.5 turbo.,Functional Suitability，Reliability,GPT-3.5 turbo,NO,,ZS FS COT,INS,,YES,1,1,1,0.5,3.5,no,YES,no,no,no,no,no,YES,YES,no
23,Scopus,44,Yaacov T.; Elyasaf A.; Weiss G.,Boosting LLM-Based Software Generation by Aligning Code with Requirements,2024,"Proceedings - 32nd IEEE International Requirements Engineering Conference Workshops, REW 2024",https://www.scopus.com/inward/record.uri?eid=2-s2.0-85203104501&doi=10.1109%2fREW61692.2024.00045&partnerID=40&md5=4729a8a0b885ae8c97f3c5962c50d28c,Conference paper,44,Haowei,LLM in RE,YES,full,,,✓,✓,,LLM generates code implementations directly from requirements,Functional Suitability、Maintainability、Reliability,GPT-4-turbo,No,-,ZS,Instruction,Requirements-to-code generation with behavioral programming paradigm,Available,1,1,0.5,0.5,3,no,no,no,YES,no,no,YES,YES,YES,no
24,Scopus,46,Klievtsova N.; Mangler J.; Kampik T.; Rinderle-Ma S.,Utilizing Process Models in the Requirements Engineering Process Through Model2Text Transformation,2024,Proceedings of the IEEE International Conference on Requirements Engineering,https://www.scopus.com/inward/record.uri?eid=2-s2.0-85202725174&doi=10.1109%2fRE59067.2024.00028&partnerID=40&md5=5064411d1cc0d9ad6e1adead60b56c8f,Conference paper,46,Haowei,LLM in RE,YES,full,✓,,,✓,,Converting Business Process Models (BPMN) to Natural Language Text Descriptions using LLM,Functional Suitability，Reliability，Interaction Capability,"GPT3，3.5，4
LLAMA",No,-,ZS,Instruction,Model-to-text transformation for process models ,Available,1,1,0.5,0.5,3,no,no,no,YES,no,no,YES,YES,YES,no
25,Scopus,47,Bano M.; Zowghi D.; Gervasi V.,A Vision for Operationalising Diversity and Inclusion in AI,2024,"Proceedings - 2024 IEEE/ACM International Workshop on Responsible AI Engineering, RAIE 2024",https://www.scopus.com/inward/record.uri?eid=2-s2.0-85201222036&doi=10.1145%2f3643691.3648587&partnerID=40&md5=273ca46cbcfd41dc9b06c0846a9febad,Conference paper,47,Haowei,GenAI in RE,YES,full,✓,,,,,Using GenAI to Create Diverse Personas for Demand Acquisition,Functional Suitabilit，Reliability，Flexibility,No specific,NO,-,-,Description,Persona-based requirements elicitation for diversity and inclusion,No,1,1,0.5,1,3.5,no,no,no,YES,no,no,YES,YES,no,no
26,Scopus,49,Li Y.; Keung J.; Yang Z.; Ma X.; Zhang J.; Liu S.,SimAC: simulating agile collaboration to generate acceptance criteria in user story elaboration,2024,Automated Software Engineering,https://www.scopus.com/inward/record.uri?eid=2-s2.0-85196531915&doi=10.1007%2fs10515-024-00448-7&partnerID=40&md5=89a3749f146379ff321a3e64a896c71b,Article,49,Haowei,LLM in RE,YES,full,,,✓,,,Using LLM to Model Agile Collaboration to Generate Acceptance Criteria,Functional Suitability ，Performance Efficiency，Interaction Capability,gpt-3.5-turbo，OpenLLaMA,,temperature:1,FS,Instruction，Iterative,Acceptance criteria generation,Available,1,1,1,1,4,bias,no,no,YES,YES,no,YES,YES,no,YES
27,Scopus,53,Wang B.; Wang C.; Liang P.; Li B.; Zeng C.,How LLMs Aid in UML Modeling: An Exploratory Study with Novice Analysts,2024,"Proceedings - 2024 IEEE International Conference on Software Services Engineering, SSE 2024",https://www.scopus.com/inward/record.uri?eid=2-s2.0-85205563300&doi=10.1109%2fSSE62657.2024.00046&partnerID=40&md5=c80e8845dd20140068d380f172578c0a,Conference paper,52,Haowei,,YES,full,,✓,✓,,,,Functional Suitability，Usability,GPT-3.5， GPT-4,-,-,-,INS，ITE,,,1,1,1,1,4,no,YES,no,YES,no,no,YES,YES,YES,no
28,Scopus,54,Lake K.; Flores G.,Bringing Legacy Technical Data out of the Shadows Using Modern Digital Enginering Tools,2024,AUTOTESTCON (Proceedings),https://www.scopus.com/inward/record.uri?eid=2-s2.0-85206798999&doi=10.1109%2fAUTOTESTCON47465.2024.10697525&partnerID=40&md5=e68bd50d1761ee56cf5c218702db9763,Conference paper,53,Haowei,LLM in RE,YES,full,,,✓,,✓,Automatic completion of TPS (Test Program Set) code generation,"Functional Suitability ，Performance Efficiency 
，Reliability","Claude
Gemini
Llama
Phi3",NO,-,FS,Instruction，Iterative,Legacy document to model conversion,NO,1,1,0.5,1,3.5,no,no,no,YES,YES,no,no,YES,YES,no
29,Scopus,56,North M.; Atapour-Abarghouei A.; Bencomo N.,Code Gradients: Towards Automated Traceability of LLM-Generated Code,2024,Proceedings of the IEEE International Conference on Requirements Engineering,https://www.scopus.com/inward/record.uri?eid=2-s2.0-85202781451&doi=10.1109%2fRE59067.2024.00038&partnerID=40&md5=42326f2abe0852088b61167ac341ed3a,Conference paper,55,Haowei,LLM in RE,YES,full,,,,✓,✓,Use LLM's gradient to trace how requirements map to generated code,"Functional Suitability 
Performance Efficiency 
Reliability","WizardCoder 
CodeLlama ",NO,-,FS,Instruction,Requirement-focused code improvement,NO,1,1,1,1,4,no,no,security,YES,YES,no,no,no,no,no
30,Scopus,58,Sivakumar M.; Belle A.B.; Shan J.; Khakzad Shahandashti K.,Prompting GPT –4 to support automatic safety case generation,2024,Expert Systems with Applications,https://www.scopus.com/inward/record.uri?eid=2-s2.0-85198553538&doi=10.1016%2fj.eswa.2024.124653&partnerID=40&md5=39f2ab52179a8f604e3651303daeb11d,Article,57,Jati,LLM in RE,YES,full,✓,,✓,,,Use LLM to generate safety case as safety requirements,Safety,GPT-4,NO,-,ZS,"Instruction, Question",Safety case generation,YES,1,1,1,1,4,no,no,no,no,no,no,no,no,no,no
31,Scopus,61,Gorer B.; Aydemir F.B.,GPT-Powered Elicitation Interview Script Generator for Requirements Engineering Training,2024,Proceedings of the IEEE International Conference on Requirements Engineering,https://www.scopus.com/inward/record.uri?eid=2-s2.0-85202761080&doi=10.1109%2fRE59067.2024.00044&partnerID=40&md5=442491e71adf2f1c7ac508808cbadcb7,Conference paper,60,Jati,LLM in RE,YES,Short,✓,,,,,Use LLM to generate interview questions for elicitation,All,GPT-4,NO,-,COT,Instruction,Elicitation interview script generation,YES,1,0.5,0.5,1,3,no,no,no,YES,YES,no,no,no,YES,no
32,Scopus,62,Nouri A.; Cabrero-Daniel B.; Torner F.; Sivencrona H.; Berger C.,Welcome your new ai teammate: On safety analysis by leashing large language models,2024,"Proceedings - 2024 IEEE/ACM 3rd International Conference on AI Engineering - Software Engineering for AI, CAIN 2024",https://www.scopus.com/inward/record.uri?eid=2-s2.0-85196549893&doi=10.1145%2f3644815.3644953&partnerID=40&md5=039b33aa25bac9d659bf51fa40a199b1,Conference paper,61,Jati,LLM in RE,YES,short,,✓,,,,Use LLM to generate safety analysis,Safety,GPT-4,NO,-,COT,Instruction,HARA generation,NO,1,1,0.5,1,3.5,no,yes,no,no,no,no,yes,yes,yes,no
33,Scopus,63,He P.; Du X.; Li Y.; Guo H.; Cui J.,An integration methodology of safety and security requirements for autonomous vehicles,2024,Journal of Transportation Safety and Security,https://www.scopus.com/inward/record.uri?eid=2-s2.0-85204554153&doi=10.1080%2f19439962.2024.2400894&partnerID=40&md5=a1c6effa26033df1ea87720b90baa7bf,Article,62,Jati,LLM in RE,YES,full,,✓,,,,Use LLM to integrate safety and security requirement,Safety and security,"GPT-4o-2024-05-13, Gemini-1.5-Pro-API-0514, and Claude 3 Opus",NO,-,ZS,Instruction,Classify security and safety requirement,NO,1,1,0.5,0.5,3,no,no,yes,yes,no,yes,no,yes,yes,no
34,Scopus,66,de Kinderen S.; Winter K.,Towards Taming Large Language Models with Prompt Templates for Legal GRL Modeling,2024,Lecture Notes in Business Information Processing,https://www.scopus.com/inward/record.uri?eid=2-s2.0-85197138654&doi=10.1007%2f978-3-031-61007-3_17&partnerID=40&md5=c40481ae4c72500103c5c797d995d2f1,Conference paper,65,Jati,LLM in RE,YES,full,,✓,,,,Propose a template for generation of legal goal modeling using LLM,"Functional Suitability, Reliability",GPT-3.5,NO,-,ZS,Instruction,Analysis and summarization of legal requirements,YES,1,1,0.5,0.5,3,no,no,no,yes,no,no,yes,yes,yes,no
35,Scopus,67,Siddeshwar V.; Alwidian S.; Makrehchi M.,Goal Model Extraction from User Stories Using Large Language Models,2024,Communications in Computer and Information Science,https://www.scopus.com/inward/record.uri?eid=2-s2.0-85204569883&doi=10.1007%2f978-3-031-70245-7_19&partnerID=40&md5=a0e7d21233053f24c4c16f7412524b49,Conference paper,66,Jati,LLM in RE,YES,Short,,,✓,,,Propose LLM to transform user stories to goal model,Functional suitabilility,GPT-4,NO,-,COT,Description,Model transformation,NO,1,0.5,0.5,0,2,no,no,no,yes,no,no,yes,yes,yes,no
36,Scopus,69,Perko A.; Wotawa F.,Evaluating OpenAI Large Language Models for Generating Logical Abstractions of Technical Requirements Documents,2024,"IEEE International Conference on Software Quality, Reliability and Security, QRS",https://www.scopus.com/inward/record.uri?eid=2-s2.0-85206369494&doi=10.1109%2fQRS62785.2024.00032&partnerID=40&md5=225ec3cd4b732be9fdd12b3c48c7735e,Conference paper,68,Jati,LLM in RE,YES,full,,,✓,,,Use LLM to create logical representation of natural language requirements,Functional suitabilility,"GPT-3.5, GPT-4",YES,-,COT,"Instruction, description",Translation,NO,1,1,1,1,4,no,no,no,no,yes,no,yes,yes,yes,no
37,Scopus,71,Biswas M.; Anish P.R.; Ghaisas S.,Interpretable App Review Classification with Transformers,2024,"Proceedings - 32nd IEEE International Requirements Engineering Conference Workshops, REW 2024",https://www.scopus.com/inward/record.uri?eid=2-s2.0-85203106901&doi=10.1109%2fREW61692.2024.00009&partnerID=40&md5=08f04e45c249fd125148d0a71c6ee06a,Conference paper,70,Jati,LLM in RE,YES,full,,✓,,,,Use LLM to classify user review,All,GPT-2,YES,-,-,Unclear,Unclear,Unclear,1,1,1,1,4,yes,no,no,yes,yes,no,no,yes,yes,no
38,Scopus,74,Abualhaija S.; Ceci M.; Sannier N.; Bianculli D.; Briand L.C.; Zetzsche D.; Bodellini M.,AI-Enabled Regulatory Change Analysis of Legal Requirements,2024,Proceedings of the IEEE International Conference on Requirements Engineering,https://www.scopus.com/inward/record.uri?eid=2-s2.0-85202771036&doi=10.1109%2fRE59067.2024.00012&partnerID=40&md5=aa95cb347088f90807f96f600f770090,Conference paper,73,Jati,LLM in RE,YES,full,,✓,,,✓,Use LLM to evolve legal requirements,"Functional Suitability, Reliability","GPT-3.5, GPT-4",NO,-,"ZS, FS, COT","Instruction, description",Legal requirement updating,YES,1,1,1,1,4,no,no,no,yes,yes,no,no,yes,yes,yes
39,Scopus,77,Nakata T.; Nakamura M.; Chen S.; Saiki S.,Needs Companion: A Novel Approach to Continuous User Needs Sensing Using Virtual Agents and Large Language Models,2024,Sensors,https://www.scopus.com/inward/record.uri?eid=2-s2.0-85208564297&doi=10.3390%2fs24216814&partnerID=40&md5=725e2ce881800e8fbdd9a1794f62d3c8,Article,76,Jati,LLM in RE,YES,full,✓,,,,,Use LLM as a part of virtual companion to elicit evolving needs,All,GPT-3.5 Turbo,YES,Temperature = 0,FS,Instruction,Requirements extraction and validation,Unclear,1,1,1,1,4,yes,yes,yes,yes,yes,yes,no,yes,yes,no
40,Scopus,79,Zhao Z.; Zhang N.; Yu B.; Duan Z.,Generating Java code pairing with ChatGPT,2024,Theoretical Computer Science,https://www.scopus.com/inward/record.uri?eid=2-s2.0-85204472636&doi=10.1016%2fj.tcs.2024.114879&partnerID=40&md5=6c54a7736f489c9a0c43c29c9d7da28a,Article,78,Jati,LLM in RE,YES,full,✓,✓,✓,,✓,"Use LLM to generate, split, specify in diagrams, and implement requirements",Functional suitabilility,GPT-3.5,NO,-,COT,"Instruction, description",Generation,YES,1,1,1,1,4,no,no,no,no,yes,no,yes,no,yes,no
41,Scopus,80,Uygun Y.; Momodu V.,Local large language models to simplify requirement engineering documents in the automotive industry,2024,Production and Manufacturing Research,https://www.scopus.com/inward/record.uri?eid=2-s2.0-85197682199&doi=10.1080%2f21693277.2024.2375296&partnerID=40&md5=a2cffb0ecc1376288e9141f80b7642df,Article,79,Jati,LLM in RE,YES,full,,,,,✓,Use local LLM to retrieve information from requirements documents,Functional suitabilility,"Nous-Hermes-13B-GPTQ, WizardLM-7B-Uncensored-GPTQ, Wizard-Vicuna-13B-Uncensored-GPTQ, guanaco-7B-GPTQ, orca_mini_v2_13b-GPTQ",,,ZS,Question,Information retrieval,YES,1,1,1,0.5,3.5,no,no,yes,no,yes,yes,yes,yes,yes,no
42,Scopus,81,Preda A.-R.; Mayr-Dorn C.; Mashkoor A.; Egyed A.,Supporting High-Level to Low-Level Requirements Coverage Reviewing with Large Language Models,2024,"Proceedings - 2024 IEEE/ACM 21st International Conference on Mining Software Repositories, MSR 2024",https://www.scopus.com/inward/record.uri?eid=2-s2.0-85197388315&doi=10.1145%2f3643991.3644922&partnerID=40&md5=4f3b4413aa471799af4e56c29b022317,Conference paper,80,Jati,LLM in RE,YES,full,,✓,,✓,,Use LLM to evaluate coverage review from high-level to low-level requirements,Functional suitabilility,"GPT-3.5, GPT-4",NO,-,"ZS, FS, COT",Instruction,Coverage validation,YES,1,1,1,1,4,no,yes,no,yes,yes,no,yes,yes,no,no
43,Scopus,82,Hassani S.; Sabetzadeh M.; Amyot D.; Liao J.,Rethinking Legal Compliance Automation: Opportunities with Large Language Models,2024,Proceedings of the IEEE International Conference on Requirements Engineering,https://www.scopus.com/inward/record.uri?eid=2-s2.0-85202744043&doi=10.1109%2fRE59067.2024.00051&partnerID=40&md5=97398405d2c10674b865e290ccca4c32,Conference paper,81,Jati,LLM in RE,YES,full,,✓,,,,Use LLM to evaluate requirements compliance towards GDPR,Functional suitabilility,"Phi-2, Mistral-7B, Mistral-7B-Instruct, Zephyr-7B, Mixtral-8x7B-Instruct-v0.1, gpt-3.5-turbo-0125, gpt-4-0125-preview",YES,-,ZS,"Instruction, description",Legal compliance checker,YES,1,1,0.5,1,3.5,no,yes,yes,yes,yes,yes,yes,yes,yes,no
44,Scopus,83,Ren S.; Nakagawa H.; Tsuchiya T.,Combining Prompts with Examples to Enhance LLM-Based Requirement Elicitation,2024,"Proceedings - 2024 IEEE 48th Annual Computers, Software, and Applications Conference, COMPSAC 2024",https://www.scopus.com/inward/record.uri?eid=2-s2.0-85204036758&doi=10.1109%2fCOMPSAC61105.2024.00181&partnerID=40&md5=1d98d75f0187009dd1622995d786de04,Conference paper,82,Jati,LLM in RE,YES,short,✓,,✓,,,Use LLM with LDA topic modeling to create goal model,Functional suitabilility,GPT-4,NO,-,FS,Question,Goal model generation,YES,1,1,1,1,4,no,no,no,yes,yes,no,yes,yes,yes,no
45,Scopus,84,Lubos S.; Felfernig A.; Tran T.N.T.; Garber D.; El Mansi M.; Erdeniz S.P.; Le V.-M.,Leveraging LLMs for the Quality Assurance of Software Requirements,2024,Proceedings of the IEEE International Conference on Requirements Engineering,https://www.scopus.com/inward/record.uri?eid=2-s2.0-85201565838&doi=10.1109%2fRE59067.2024.00046&partnerID=40&md5=e305b4ac27f83a3d6a285d4fa62a1e05,Conference paper,83,Jati,LLM in RE,YES,full,,,,✓,,Use LLM to validate requirements quality,Functional suitabilility,Llama 2,NO,-,ZS,"Instruction, description",Requirement quality validation,YES,1,1,1,1,4,no,no,no,yes,yes,yes,no,yes,yes,no
46,Scopus,87,Hassine J.,An LLM-based Approach to Recover Traceability Links between Security Requirements and Goal Models,2024,ACM International Conference Proceeding Series,https://www.scopus.com/inward/record.uri?eid=2-s2.0-85197433521&doi=10.1145%2f3661167.3661261&partnerID=40&md5=3b9b3ce8acfc3590039a45c858f1e3b4,Conference paper,86,Jati,LLM in RE,YES,full,,,,,✓,Use LLM to recover traceability links between goal and security requirements,"Functional suitability, security",GPT-3.5-turbo,NO,-,ZS,Instruction,Goal to security requirement traceability recovery,YES,1,1,1,1,4,no,no,yes,yes,yes,yes,no,yes,yes,no
47,Scopus,89,Binder M.; Mezhuyev V.,A framework for creating an IoT system specification with ChatGPT,2024,Internet of Things (Netherlands),https://www.scopus.com/inward/record.uri?eid=2-s2.0-85197645651&doi=10.1016%2fj.iot.2024.101218&partnerID=40&md5=3804719e738c978f2cbc9194913cfcfd,Article,88,Jati,LLM in RE,YES,full,✓,,,,,Use LLM in a systematic framework to generate requirements for IoT,Functional suitability,GPT-3.5-turbo,NO,-,"ZS, COT",Instruction,Generation of IoT system requirements,YES,1,1,1,1,4,no,yes,no,no,yes,yes,yes,no,yes,no
48,Scopus,90,Xu Y.; Feng J.; Miao W.,Learning from Failures: Translation of Natural Language Requirements into Linear Temporal Logic with Large Language Models,2024,"IEEE International Conference on Software Quality, Reliability and Security, QRS",https://www.scopus.com/inward/record.uri?eid=2-s2.0-85206388437&doi=10.1109%2fQRS62785.2024.00029&partnerID=40&md5=1f1d786585589a580091e7cb19f132ce,Conference paper,89,Jati,LLM in RE,YES,full,,✓,✓,,,Use LLM to transform natural language requirement to linear temporal logic ,Functional suitability,"GPT-3.5-Turbo, GPT-4, Gemini Pro ",NO,-,"FS, COT",Instruction,Requirement transformation,YES,1,1,1,1,4,no,no,no,yes,yes,yes,yes,yes,yes,no
49,Scopus,94,Mahbub T.; Dghaym D.; Shankarnarayanan A.; Syed T.; Shapsough S.; Zualkernan I.,"Can GPT-4 aid in detecting ambiguities, inconsistencies, and incompleteness in requirements analysis? A comprehensive case study.",2024,IEEE Access,https://www.scopus.com/inward/record.uri?eid=2-s2.0-85204689412&doi=10.1109%2fACCESS.2024.3464242&partnerID=40&md5=2904125aca501b1457d0a7469526b2e4,Article,93,Jati,LLM in RE,YES,full,,,,✓,,"Use LLM to validate requirements ambiguity, inconsistencied, and incompleteness",Functional suitability,GPT-4,NO,-,ZS,Question,"Ambiguity, inconsistency, and incompleteness validation",YES,1,1,1,1,4,no,yes,yes,yes,yes,no,yes,yes,yes,no
50,Scopus,96,Fazelnia M.; Koscinski V.; Herzog S.; Mirakhorli M.,Lessons from the Use of Natural Language Inference (NLI) in Requirements Engineering Tasks,2024,Proceedings of the IEEE International Conference on Requirements Engineering,https://www.scopus.com/inward/record.uri?eid=2-s2.0-85202710161&doi=10.1109%2fRE59067.2024.00020&partnerID=40&md5=e8f5fc97032f5dadc3271b62a8a510fa,Conference paper,95,Haowei,,YES,full,,✓,,,,,Functional Appropriateness，Reliability,GPT-3.5,NO,-,ZS FS,INST,,,1,1,1,1,4,no,no,no,YES,YES,no,YES,YES,no,no
51,Scopus,99,Krishna M.; Gaur B.; Verma A.; Jalote P.,Using LLMs in Software Requirements Specifications: An Empirical Evaluation,2024,Proceedings of the IEEE International Conference on Requirements Engineering,https://www.scopus.com/inward/record.uri?eid=2-s2.0-85202706343&doi=10.1109%2fRE59067.2024.00056&partnerID=40&md5=2f428309a8c336f10c23df70e3d874d0,Conference paper,98,Haowei,,YES,full,,,✓,✓,,,Functional Suitability，Reliability,GPT-4 and CodeLlam,NO,-,FS,INST,,,1,1,1,1,4,no,no,YES,YES,YES,no,YES,YES,YES,no
52,Scopus,103,Oswal J.U.; Kanakia H.T.; Suktel D.,Transforming Software Requirements into User Stories with GPT-3.5 -: An AI-Powered Approach,2024,"2nd International Conference on Intelligent Data Communication Technologies and Internet of Things, IDCIoT 2024",https://www.scopus.com/inward/record.uri?eid=2-s2.0-85190131589&doi=10.1109%2fIDCIoT59759.2024.10467750&partnerID=40&md5=280733fe088a3bf03db506d67a2ef0ce,Conference paper,102,Haowei,,YES,full,✓,,✓,,,,Functional Suitability，Usability,GPT 3.5,NO,-,FS OS ZS,INST,,,1,1,1,1,4,no,no,YES,YES,YES,YES,no,YES,YES,no
53,Scopus,106,Gorer B.; Aydemir F.B.,Generating Requirements Elicitation Interview Scripts with Large Language Models,2023,"Proceedings - 31st IEEE International Requirements Engineering Conference Workshops, REW 2023",https://www.scopus.com/inward/record.uri?eid=2-s2.0-85172431302&doi=10.1109%2fREW57809.2023.00015&partnerID=40&md5=15427b726d1d8a96959cb813af87ccc5,Conference paper,105,Haowei,,YES,full,,✓,,,,,Functional Suitability，Interaction Capability,GPT-3.5 and Bard,NO,-,FS COT,INST,,,1,1,1,1,4,no,no,no,no,no,no,YES,YES,YES,no
54,Scopus,109,Bozyigit F.; Bardakci T.; Khalilipour A.; Challenger M.; Ramackers G.; Babur Ö.; Chaudron M.R.V.,Generating domain models from natural language text using NLP: a benchmark dataset and experimental comparison of tools,2024,Software and Systems Modeling,https://www.scopus.com/inward/record.uri?eid=2-s2.0-85192837407&doi=10.1007%2fs10270-024-01176-y&partnerID=40&md5=05083072b9bb803d8276a3f8ed35b8de,Article,108,Haowei,ChatGPT for RE,YES,full,,✓,,,,GenAI for domain model extraction from requirements,Functional Suitability，Performance Efficiency， Reliability,ChatGPT 3.5,No,-,-,Instruction,domain model extraction from NL requiremetns,NO,1,1,1,0.5,3.5,no,no,no, YES,no,no,no,YES,no,no
55,Scopus,110,Yeow J.S.; Rana M.E.; Abdul Majid N.A.,An Automated Model of Software Requirement Engineering Using GPT-3.5,2024,"2024 ASU International Conference in Emerging Technologies for Sustainability and Intelligent Systems, ICETSIS 2024",https://www.scopus.com/inward/record.uri?eid=2-s2.0-85190516542&doi=10.1109%2fICETSIS61505.2024.10459458&partnerID=40&md5=a0778e5b98c3f8782a1f05474651e5f5,Conference paper,109,Haowei,LLM in RE,YES,full,✓,,,,,Generate requirement gathering survey/interview questions,Functional Suitability，Performance Efficiency， Reliability,ChatGPT 3.5,No,-,-,Instruction-based ,Requirements elicitation through automated generation of survey and interview questions,YES,1,0.5,1,0.5,3,no,no,no,no,no,no,no,YES,YES,no
56,Scopus,111,Lutze R.; Waldhör K.,Generating Specifications from Requirements Documents for Smart Devices Using Large Language Models (LLMs),2024,Lecture Notes in Computer Science (including subseries Lecture Notes in Artificial Intelligence and Lecture Notes in Bioinformatics),https://www.scopus.com/inward/record.uri?eid=2-s2.0-85195833507&doi=10.1007%2f978-3-031-60405-8_7&partnerID=40&md5=927f2c57da5be0672a3e54c3b0c2d890,Conference paper,110,Haowei,LLM in RE,YES,full,,✓,✓,,,Using LLMs to Generate Complete Requirements Specification Descriptions,"Functional Suitability, Performance Efficiency ","ChatGPT 4.0, Google Bard",No,-,-,"Instruction, question",Requirements specification generation,YES,1,1,1,1,4,no,no,YES,no,YES,YES,YES,YES,YES,YES
57,Scopus,113,Peng X.,Software development in the age of intelligence: embracing large language models with the right approach; [智能化时代的软件开发: 拥抱大模型的正确姿势],2023,Frontiers of Information Technology and Electronic Engineering,https://www.scopus.com/inward/record.uri?eid=2-s2.0-85178939500&doi=10.1631%2fFITEE.2300537&partnerID=40&md5=c84c7138c549e5ce8616f7ee8de57c27,Article,112,Haowei,LLM in RE,YES,full,✓,✓,✓,,,Automatic generation of detailed requirements from high-level requirement,Functional Suitability， Reliability， Interaction Capability,GPT-3.5， GPT4,No,-,-,interactive/iterative,UML diagram generation，,YES,1,0.5,1,1,3.5,no,YES,YES,YES,no,no,no,no,no,no
58,Scopus,118,Peer J.; Mordecai Y.; Reich Y.,NLP4ReF: Requirements Classification and Forecasting: From Model-Based Design to Large Language Models,2024,IEEE Aerospace Conference Proceedings,https://www.scopus.com/inward/record.uri?eid=2-s2.0-85193847289&doi=10.1109%2fAERO58975.2024.10521022&partnerID=40&md5=3b661c07d62eec8653637e41489a9f21,Conference paper,117,Haowei,,YES,full,✓,,✓,,,Requirements classification and generation,Functional Completeness，Reliability,GPT 3.5,NO,-,FS,INSt,Requirements classification and generation,,1,1,1,1,4,YES,YES,YES,YES,YES,YES,no,YES,YES,no
59,Scopus,119,Ren S.; Nakagawa H.; Tsuchiya T.,Harnessing LLM Conversations for Goal Model Generation from User Reviews,2024,International Conference on Agents and Artificial Intelligence,https://www.scopus.com/inward/record.uri?eid=2-s2.0-85190775035&doi=10.5220%2f0012352200003636&partnerID=40&md5=6e2a81192e6c303fafdfec8e995c81cc,Conference paper,118,Haowei,LLM in RE,YES,full,,✓,✓,,,Clustering and analyzing user reviews,Functional Suitability， Performance Efficiency， Interaction Capability,GPT-4,No,-,-,Question， Instruction,Review clustering for goal identification,YES,1,1,1,1,4,no,no,No,no,no,no,yes,no,no,no
60,Scopus,120,Clements D.; Giannis E.; Crowe F.; Balapitiya M.; Marshall J.; Papadopoulos P.; Kanij T.,An Innovative Approach to Develop Persona from Application Reviews,2023,"International Conference on Evaluation of Novel Approaches to Software Engineering, ENASE - Proceedings",https://www.scopus.com/inward/record.uri?eid=2-s2.0-85160573483&doi=10.5220%2f0011996000003464&partnerID=40&md5=9cbb764e3f4fb0a2be237e51f94b09d9,Conference paper,119,Haowei,,YES,full,✓,,,,,,Functional Suitability Interaction Capability,GPT-3,NO,0,ZS,INs,Persona generation,,1,1,1,0.5,3.5,no,no,yes,no,no,no,no,no,no,no
61,Scopus,121,Nakagawa H.; Honiden S.,MAPE-K Loop-Based Goal Model Generation Using Generative AI,2023,"Proceedings - 31st IEEE International Requirements Engineering Conference Workshops, REW 2023",https://www.scopus.com/inward/record.uri?eid=2-s2.0-85174704008&doi=10.1109%2fREW57809.2023.00050&partnerID=40&md5=9d113f0783b2a6958a86b903645ff9ba,Conference paper,120,Haowei,LLM in RE,YES,full,,✓,✓,,,Semi-automated goal model generation using LLM,Functional Suitability ， Reliability， Interaction Capability,ChatGPT-4,No,-,-,Instruction ,Initial goal model generation,YES,1,1,1,1,4,no,YES,YES,YES,no,no,YES,YES,YES,no
62,Scopus,122,Ruan K.; Chen X.; Jin Z.,Requirements Modeling Aided by ChatGPT: An Experience in Embedded Systems,2023,"Proceedings - 31st IEEE International Requirements Engineering Conference Workshops, REW 2023",https://www.scopus.com/inward/record.uri?eid=2-s2.0-85174700840&doi=10.1109%2fREW57809.2023.00035&partnerID=40&md5=4f9f079d80f1428ba684dc9ad50c387a,Conference paper,121,Haowei,LLM in RE,YES,full,,✓,,,,Extracting descriptive elements from requirement text using ChatGPT,Functional Suitability,GPT-3.5,No,Temperature = 0.8,ZS,Instruction ,Domain model extraction,YEs,1,1,1,1,4,no,no,no,YES,no,no,YES,no,no,no
63,Scopus,123,Bajaj D.; Goel A.; Gupta S.C.; Batra H.,MUCE: a multilingual use case model extractor using GPT-3,2022,International Journal of Information Technology (Singapore),https://www.scopus.com/inward/record.uri?eid=2-s2.0-85124727718&doi=10.1007%2fs41870-022-00884-2&partnerID=40&md5=02c702b488147448d862922c06dc621b,Article,122,Haowei,LLM in RE,YES,full,,✓,,,,Automated extraction of use cases and actors from requirements text,Functional Suitability,GPT-3,No,Temperature = 0.5,FS,Instruction ,Multi-lingual use case extraction,YES,1,1,0.5,1,3.5,no,no,no,YES,no,no,YES,no,YES,no
64,Scopus,124,Chen B.; Chen K.; Hassani S.; Yang Y.; Amyot D.; Lessard L.; Mussbacher G.; Sabetzadeh M.; Varro D.,On the Use of GPT-4 for Creating Goal Models: An Exploratory Study,2023,"Proceedings - 31st IEEE International Requirements Engineering Conference Workshops, REW 2023",https://www.scopus.com/inward/record.uri?eid=2-s2.0-85174689248&doi=10.1109%2fREW57809.2023.00052&partnerID=40&md5=34feeb56ed09dd870cc9502354c7dc24,Conference paper,123,Haowei,,YES,full,✓,,,,,, Performance Efficiency，Usability ,GPT-4,No,0.5,FS,INs,,,1,1,0.5,0.5,3,YES,no,no,YES,no,YES,YES,YES,YES,no
65,Scopus,125,Spoletini P.; Ferrari A.,The Return of Formal Requirements Engineering in the Era of Large Language Models,2024,Lecture Notes in Computer Science (including subseries Lecture Notes in Artificial Intelligence and Lecture Notes in Bioinformatics),https://www.scopus.com/inward/record.uri?eid=2-s2.0-85190652313&doi=10.1007%2f978-3-031-57327-9_22&partnerID=40&md5=6a6957ef2b5d446efab54060b069cb43,Conference paper,124,Haowei,LLM in RE,YES,full,,,✓,,, LLMs to make formal requirements more accessible by helping translate between natural language and formal specifications,"Reliability, Security",LLMs in general,No,-,FS,instruction,Formal requirements extraction from natural language,No,1,0.5,0,1,2.5,YES,YES,no,YES,no,no,YES,YES,no,no
66,Scopus,127,Ronanki K.; Berger C.; Horkoff J.,Investigating ChatGPT's Potential to Assist in Requirements Elicitation Processes,2023,"Proceedings - 2023 49th Euromicro Conference on Software Engineering and Advanced Applications, SEAA 2023",https://www.scopus.com/inward/record.uri?eid=2-s2.0-85175597991&doi=10.1109%2fSEAA60479.2023.00061&partnerID=40&md5=6ef7b6e358ae85e7a90276b32000b82e,Conference paper,126,Haowei,,YES,full,✓,,,,,,Functional suitability，Security,GPT-3.5,NO,-,,Ques,,,1,1,1,1,4,YES,YES,YES,YES,no,no,YES,no,YES,no
67,Scopus,129,Görgen L.; Müller E.; Triller M.; Nast B.; Sandkuhl K.,Large Language Models in Enterprise Modeling: Case Study and Experiences,2024,International Conference on Model-Driven Engineering and Software Development,https://www.scopus.com/inward/record.uri?eid=2-s2.0-85190380959&doi=10.5220%2f0012387000003645&partnerID=40&md5=bac26357d48c439916079333a0539c97,Conference paper,128,Haowei,ChatGPT,YES,full,,✓,✓,,,Acting as a proxy domain expert for requirements modeling,"Functional Suitability , Interaction Capability, Performance Efficiency",ChatGPT-4,No,-,ZS,instruction-based,Enterprise modeling and process modeling,YES,1,1,0.5,1,3.5,no,YES,no,YES,no,no,YES,YES,YES,no
68,Scopus,133,Bertram V.; Kausch H.; Kusmenko E.; Nqiri H.; Rumpe B.; Venhoff C.,Leveraging Natural Language Processing for a Consistency Checking Toolchain of Automotive Requirements,2023,Proceedings of the IEEE International Conference on Requirements Engineering,https://www.scopus.com/inward/record.uri?eid=2-s2.0-85174411487&doi=10.1109%2fRE57278.2023.00029&partnerID=40&md5=d98c62b056132027522af34e29866df9,Conference paper,132,Haowei,LLM in RE,YES,full,,✓,,✓,,Automated conversion of informal requirements into a structured format using LLM,"Functional Suitability, Performance Efficiency , Reliability",GPT-J,No,-,FS,Description,Automatic translation of natural language requirements into structured English,No,1,1,0.5,1,3.5,no,no,no,YES,no,no,no,YES,YES,no
69,Scopus,134,Karolita D.; Grundy J.; Kanij T.; Obie H.; McIntosh J.,CRAFTER: A Persona Generation Tool for Requirements Engineering,2024,"International Conference on Evaluation of Novel Approaches to Software Engineering, ENASE - Proceedings",https://www.scopus.com/inward/record.uri?eid=2-s2.0-85193961909&doi=10.5220%2f0012718400003687&partnerID=40&md5=b119bedbee18c6221981f0d0a405d2d0,Conference paper,133,Haowei,GenAI in RE,YES,full,✓,,✓,,,Using GPT-3.5 to generate detailed persona descriptions based on user inputs,"Functional Suitability, Interaction Capability, Maintainability, Flexibility",GPT-3.5,No,-,FS,Description,Domain-specific persona generation,No,1,1,1,1,4,YES,YES,YES,YES,no,no,YES,YES,YES,no
70,Scopus,138,Sainio K.; Abrahamsson P.; Ahtee T.,Prompt Patterns for Agile Software Project Managers: First Results,2024,Lecture Notes in Business Information Processing,https://www.scopus.com/inward/record.uri?eid=2-s2.0-85188687773&doi=10.1007%2f978-3-031-53227-6_14&partnerID=40&md5=0bbb9dfd12db3ada0b4615c14b6e4046,Conference paper,137,Haowei,GenAI in RE,YES,full,,✓,,✓,✓,Generate prompt patterns for requirements management and validation,"Functional Suitability , Interaction Capability, Reliability, Maintainability",GPT-3.5 and GPT-4,No,-,FS,Instruction,Requirements engineering and management,YES,1,1,1,1,4,YES,YES,YES,YES,no,no,YES,YES,YES,no
71,Scopus,141,Jain C.; Anish P.R.; Singh A.; Ghaisas S.,A Transformer-based Approach for Abstractive Summarization of Requirements from Obligations in Software Engineering Contracts,2023,Proceedings of the IEEE International Conference on Requirements Engineering,https://www.scopus.com/inward/record.uri?eid=2-s2.0-85174402797&doi=10.1109%2fRE57278.2023.00025&partnerID=40&md5=47d6bbb87806e5d0f9fd10eb69fde5dd,Conference paper,140,Haowei,,YES,full,✓,✓,,,,,Functional suitability，Reliability,GPT-3,YES,-,ZS,INST,,,1,1,1,1,4,no,YES,YES,no,no,no,YES,YES,YES,no
72,Scopus,142,Fantechi A.; Gnesi S.; Passaro L.; Semini L.,Inconsistency Detection in Natural Language Requirements using ChatGPT: a Preliminary Evaluation,2023,Proceedings of the IEEE International Conference on Requirements Engineering,https://www.scopus.com/inward/record.uri?eid=2-s2.0-85174384397&doi=10.1109%2fRE57278.2023.00045&partnerID=40&md5=b8959a0ae02bbd555cdc01b46b60a647,Conference paper,141,Haowei,,YES,short,,,,✓,,,Reliability，Maintainability,GPT-3.5,NO,-,OS,INST,,,1,1,1,1,4,no,no,no,YES,no,no,no,YES,YES,no
73,Scopus,144,Belzner L.; Gabor T.; Wirsing M.,"Large Language Model Assisted Software Engineering: Prospects, Challenges, and a Case Study",2024,Lecture Notes in Computer Science (including subseries Lecture Notes in Artificial Intelligence and Lecture Notes in Bioinformatics),https://www.scopus.com/inward/record.uri?eid=2-s2.0-85180630873&doi=10.1007%2f978-3-031-46002-9_23&partnerID=40&md5=317aeedef81c776751800c5f7caa7a52,Conference paper,143,Haowei,,YES,full,✓,✓,✓,✓,,"Requirements extraction and analysis (extracting specifications from documents)

Conversion and summary of natural language requirements

      
    
    
      
 ","Functional Suitability， Interaction Capability
Reliability",ChatGPT Google's Bard,No,-,FS,Iterative /Question,Requirements elication and refinement,No,1,1,1,1,4,YES,YES,YES,YES,YES,no,YES,YES,YES,YES
74,Scopus,146,Blasek N.; Eichenmüller K.; Ernst B.; Götz N.; Nast B.; Sandkuhl K.,Large language models in requirements engineering for digital twins,2023,CEUR Workshop Proceedings,https://www.scopus.com/inward/record.uri?eid=2-s2.0-85186961854&partnerID=40&md5=ee90c31d4520c375549194130c380710,Conference paper,145,Haowei,,YES,full,✓,,,,,,Functional suitability，Reliability,GPT4,NO,-,,INST,,,1,1,1,1,4,,,,,,,,,,
75,Scopus,147,Couder J.O.; Gomez D.; Ochoa O.,Requirements Verification Through the Analysis of Source Code by Large Language Modelså,2024,Conference Proceedings - IEEE SOUTHEASTCON,https://www.scopus.com/inward/record.uri?eid=2-s2.0-85191742945&doi=10.1109%2fSoutheastCon52093.2024.10500073&partnerID=40&md5=e119f7de29930b833cca2c5cce6de4ab,Conference paper,146,Haowei,,YES,full,,,,✓,,,Functional Correctness，Reliability,GPT3.5,NO,-,-,INST ITER,Requirements verification and analysis,,1,1,1,1,4,no,YES,no,YES,YES,no,no,YES,YES,no
76,Scopus,149,Li Y.; Keung J.; Ma X.; Chong C.Y.; Zhang J.; Liao Y.,LLM-Based Class Diagram Derivation from User Stories with Chain-of-Thought Promptings,2024,"Proceedings - 2024 IEEE 48th Annual Computers, Software, and Applications Conference, COMPSAC 2024",https://www.scopus.com/inward/record.uri?eid=2-s2.0-85196535115&doi=10.1109%2fCOMPSAC61105.2024.00017&partnerID=40&md5=a6538760d541339e5bd4c8587606d91d,Conference paper,148,Haowei,LLM in RE,YES,full,,✓,,,, transforming user stories into class diagrams.,Functional Suitability， Performance Efficiency ， Reliability,GPT-3.5-turbo,NO,-,COT,Instruction/description,Class identification,YES,1,1,1,1,4,YES,no,no,YES,YES,no,YES,YES,YES,no
77,Scopus,151,Arulmohan S.; Meurs M.-J.; Mosser S.,Extracting Domain Models from Textual Requirements in the Era of Large Language Models,2023,"Proceedings - 2023 ACM/IEEE International Conference on Model Driven Engineering Languages and Systems Companion, MODELS-C 2023",https://www.scopus.com/inward/record.uri?eid=2-s2.0-85175600987&doi=10.1109%2fMODELS-C59198.2023.00096&partnerID=40&md5=382007bd0bd9f1adad0b4c572becf766,Conference paper,150,Haowei,,YES,full,,✓,,,,,"Functional suitability, Maintainability",GPT-3.5,NO,0,FS,Inst,Domain model extraction,,1,1,1,1,4,no,YES,YES,YES,YES,YES,YES,YES,YES,no
78,Scopus,155,Gärtner A.E.; Göhlich D.,Towards an automatic contradiction detection in requirements engineering,2024,Proceedings of the Design Society,https://www.scopus.com/inward/record.uri?eid=2-s2.0-85194078808&doi=10.1017%2fpds.2024.207&partnerID=40&md5=07d66edb9986459bb75b86598a6a92a2,Conference paper,154,Yijun,GenAI for RE,YES,Full,,√,,,,Detecting nuanced contradictions in requirements.,"Functional Suitability,Reliability, Maintainability",GPT-3,NO,-,ZS,instruction-based, requirements contradiction detection,No,1,1,0.5,0.5,3,No,Ethical concerns,Security,Explainability,Computational cost,No,No,Reproducibility,No,No
79,Scopus,156,El-Hajjami A.; Fafin N.; Salinesi C.,"Which AI Technique Is Better to Classify Requirements? An Experiment with SVM, LSTM, and ChatGPT",2024,CEUR Workshop Proceedings,https://www.scopus.com/inward/record.uri?eid=2-s2.0-85193068034&partnerID=40&md5=9e2cd1fb480cf135828ef43c5be4352e,Conference paper,155,Haowei,,YES,full,,√,,,,,Functional Appropriateness，Reliability,gpt-3.5-turbo and gpt-4,NO,-,ZS FS,Inst,Enhanced requirements classification,,1,1,1,1,4,YES,no,no,YES,YES,YES,no,YES,YES,no
80,Scopus,157,Wei J.; Courbis A.-L.; Lambolais T.; Xu B.; Bernard P.L.; Dray G.,Zero-shot Bilingual App Reviews Mining with Large Language Models,2023,"Proceedings - International Conference on Tools with Artificial Intelligence, ICTAI",https://www.scopus.com/inward/record.uri?eid=2-s2.0-85182397320&doi=10.1109%2fICTAI59109.2023.00135&partnerID=40&md5=84f680d30041e89f4f3660fc7c06165a,Conference paper,156,Yijun,GenAI for RE ,YES,Full,√,√,,,,"Classifying app reviews into categories (feature request, problem report, irrelevant). Generating abstractive summaries","Functional Suitability,Performance Efficiency,Flexibility",GPT-3.5-turbo,NO,-,ZS,instruction-based,"Zero-shot requirements elicitation, Cross-lingual clustering, Abstractive summarization",YES,1,1,1,0.5,3.5,bias,No,No,Explainability,Computational cost,No,No,Reproducibility,No,No
81,Scopus,160,Chang T.; Chen S.; Fan G.; Feng Z.,A Self-Iteration Code Generation Method Based on Large Language Models,2023,Proceedings of the International Conference on Parallel and Distributed Systems - ICPADS,https://www.scopus.com/inward/record.uri?eid=2-s2.0-85190276702&doi=10.1109%2fICPADS60453.2023.00049&partnerID=40&md5=05fb124e1cf798bb56fc8a3395744d5b,Conference paper,159,Yijun,GenAI for RE,YES,full,√,√,,,,Iterative refinement of requirements and code through a self-iteration framework.,"Functional Suitability, Maintainability, Flexibility",GPT-3.5,NO,-,FS,instruction-based,The task focuses on iterative refinement of requirements and code in software development cycles.,YES,1,1,1,0.5,3.5,Bias,No,No,Explainability,Computational cost,No,Hallucinations,Reproducibility,Controllability,No
82,Scopus,161,Yang Y.; Zhang Q.; Li C.; Marta D.S.; Batool N.; Folkesson J.,Human-Centric Autonomous Systems With LLMs for User Command Reasoning,2024,"Proceedings - 2024 IEEE Winter Conference on Applications of Computer Vision Workshops, WACVW 2024",https://www.scopus.com/inward/record.uri?eid=2-s2.0-85188691382&doi=10.1109%2fWACVW60836.2024.00108&partnerID=40&md5=df07239d5bb722f133c2fbde45f1dc34,Conference paper,160,Yijun,GenAI for RE,YES,full,√,√,,,,"Classify user commands into system-level requirements, such as perception, localization, and control needs.","Functional Suitability, Interaction Capability, Safety","GPT-4, GPT-3.5-turbo, CodeLlama-34b-Instruct, and Llama-2-70b-Chat.",NO,-,FS, instruction-based,Classification of user commands into system requirements. Reasoning about user intent and safety for autonomous driving scenarios.,YES,1,1,1,0.5,3.5,Bias,Ethical concerns,Privacy,Explainability,Computational cost,Real-Time Processing,No,Reproducibility,Controllability,No
83,Scopus,162,Grasler I.; Preus D.; Brandt L.; Mohr M.,Efficient Extraction of Technical Requirements Applying Data Augmentation,2022,"ISSE 2022 - 2022 8th IEEE International Symposium on Systems Engineering, Conference Proceedings",https://www.scopus.com/inward/record.uri?eid=2-s2.0-85146926373&doi=10.1109%2fISSE54508.2022.10005452&partnerID=40&md5=1640610e2c705d8af3b55ebcfc416fdf,Conference paper,161,Haowei,,YES,full,√,,√,,,,Functional Suitability， Maintainability,GPT-J,No,-,FS,"instruction-based, descriptive, and iterative prompts",Classifier training automation,,1,1,1,1,4,no,no,no,no,YES,YES,YES,YES,YES,no
84,Scopus,166,Zhang J.; Chen Y.; Liu C.; Niu N.; Wang Y.,Empirical Evaluation of ChatGPT on Requirements Information Retrieval Under Zero-Shot Setting,2023,"Proceedings of 2023 2nd International Conference on Intelligent Computing and Next Generation Networks, ICNGN 2023",https://www.scopus.com/inward/record.uri?eid=2-s2.0-85184991119&doi=10.1109%2fICNGN59831.2023.10396810&partnerID=40&md5=f2576db24af0385b5cf88b5aa37096a6,Conference paper,164,Haowei,,YES,full,√,√,,,,,Functional suitability，Reliability,GPT-3.5-turbo,NO,0,ZS,Inst,Zero-shot requirements retrieval,,1,1,1,1,4,no,no,no,YES,no,no,no,YES,YES,no
1,IEEEXplore,170,K. Ronanki; C. Berger; J. Horkoff,Investigating ChatGPT’s Potential to Assist in Requirements Elicitation Processes,2023,2023 49th Euromicro Conference on Software Engineering and Advanced Applications (SEAA),https://ieeexplore.ieee.org/stamp/stamp.jsp?arnumber=10371698,IEEE Conferences,165,Yijun,GenAI for RE,YES,full,√,,,,,"GenAI Application: ChatGPT was used to generate requirements for Trustworthy AI systems by responding to pre-defined questions related to various quality attributes like accuracy, robustness, transparency, and security.","Functional Suitability, Understandability.",GPT-3.5,No,-,ZS,Instruction-based,Requirements generation for Trustworthy AI qualities. Requirements comparison between human-generated and AI-generated artifacts.,YES,1,1,1,0.5,3.5,Bias,Ethical concerns,Privacy,Explainability,No,No,Hallucinations,No,No,No
2,IEEEXplore,188,M. Yabaku; N. Pombo; S. Ouhbi,Exploring the Potential Use of Generative AI in Software Engineering Education,2024,2024 IEEE 18th International Conference on Application of Information and Communication Technologies (AICT),https://ieeexplore.ieee.org/stamp/stamp.jsp?arnumber=10740416,IEEE Conferences,168,Yijun,GenAI for RE,YES,full,√,√,,,,Requirements generation and refinement.,"Functional Suitability, Flexibility, Interaction Capability","GPT-3.5, GPT-4",No,-,ZS,instruction-based,"equirements elicitation and refinement for game development.
Generating diagrams (class, sequence).
Debugging and test case creation.",YES,1,1,1,1,4,Bias,Ethical concerns,Privacy,Explainability,Computational cost,No,Hallucinations,No,Controllability,Authorship
3,IEEEXplore,189,L. Wu; Y. Zhao; X. Hou; T. Liu; H. Wang,ChatGPT Chats Decoded: Uncovering Prompt Patterns for Superior Solutions in Software Development Lifecycle,2024,2024 IEEE/ACM 21st International Conference on Mining Software Repositories (MSR),https://ieeexplore.ieee.org/stamp/stamp.jsp?arnumber=10555800,IEEE Conferences,169,Yijun,GenAI for RE,YES,full,√,√,,√,,Generate and validate requirements through prompt-based interactions.,"Functional Suitability, Interaction Capability,Reliability","ChatGPT, Code-Llama, and Mistral-7B",No,-,-,instruction-based,Requirements elicitation with tailored questions.Error identification in generated requirements.Contextual refinement of outputs for better validation.,YES,1,1,1,0.5,3.5,Bias,Ethical concerns,No,Explainability,Computational cost,No,Hallucinations,Reproducibility,Controllability,No
4,IEEEXplore,199,M. Sivakumar; A. Boaye Belle; J. Shan; K. Khakzad Shahandashti,Exploring the Capabilities of Large Language Models for the Generation of Safety Cases: the Case of GPT-4,2024,2024 IEEE 32nd International Requirements Engineering Conference Workshops (REW),https://ieeexplore.ieee.org/stamp/stamp.jsp?arnumber=10628935,IEEE Conferences,171,Yijun,GenAI for RE,YES,full,,,,√,,GenAI Application: GPT-4 is used to generate structured safety cases in prose format (complying with the Goal Structuring Notation - GSN) for validation and certification in safety-critical systems.,"Functional Suitability,Reliability,Flexibility",GPT-4,No,,ZS,instruction-based,"Generating safety cases in GSN-compliant structured prose.
Validating the semantic and structural correctness of generated safety arguments.",YES,1,1,1,1,4,No,Ethical concerns,Security,Explainability,Computational cost,No,Hallucinations,Reproducibility,Controllability,No
5,IEEEXplore,204,S. Hassani,Enhancing Legal Compliance and Regulation Analysis with Large Language Models,2024,2024 IEEE 32nd International Requirements Engineering Conference (RE),https://ieeexplore.ieee.org/stamp/stamp.jsp?arnumber=10628489,IEEE Conferences,172,Yijun,GenAI for RE,YES,full,√,,,√,,"Classifying legal provisions related to food safety and GDPR compliance.
Automated compliance checks for regulatory artifacts like Data Processing Agreements (DPAs).","Functional Suitability, Performance Efficiency, Flexibility","GPT-3.5, GPT-4,","YES,",,ZS,instruction-based,"Legal requirements classification: Identifying relevant provisions in regulatory texts.
Compliance assessment: Automating the evaluation of DPAs against GDPR rules.",YES,1,1,1,1,4,Bias,Ethical concerns,Privacy,Explainability,Computational cost,No,Hallucinations,Reproducibility,Controllability,No
6,IEEEXplore,209,S. Chen; X. Chen; Z. Jin,Building Device Models Using LLMs for Requirements Simulation in Smart Homes,2024,2024 IEEE 32nd International Requirements Engineering Conference Workshops (REW),https://ieeexplore.ieee.org/stamp/stamp.jsp?arnumber=10628634,IEEE Conferences,174,Yijun,GenAI for RE,YES,full,√,√,,,,"Extract device behavior from user manuals using GPT-4.
Generate device models (Mealy machines) for requirements simulation.","Functional Suitability,Maintainability,Flexibility",GPT-4,No,,ZS, instruction-based,"Device behavior extraction.
Generating Mealy machines for requirements simulation.
Simulation-based requirements validation.",YES,1,1,1,1,4,Bias,No,No,Explainability,Computational cost,No,Hallucinations,Reproducibility,Controllability,No
7,IEEEXplore,210,K. K. Shahandashti; A. B. Belle; M. M. Mohajer; O. Odu; T. C. Lethbridge; H. Hemmati; S. Wang,Using GPT-4 Turbo to Automatically Identify Defeaters in Assurance Cases,2024,2024 IEEE 32nd International Requirements Engineering Conference Workshops (REW),https://ieeexplore.ieee.org/stamp/stamp.jsp?arnumber=10628633,IEEE Conferences,175,Yijun,GenAI for RE,YES,full,√,,,√,,Automating defeater identification in Eliminative Argumentation (EA).,Functional Suitability Reliability Interaction Capability,GPT-4 Turbo.,No,"YES, mentions reproducible outputs with a fixed seed, but no specific temperature values were provided.","ZS,OS",instruction-based,"Defeater generation for assurance cases.
Context-aware validation of safety-critical claims.",YES,1,1,1,1,4,No,Ethical concerns,Security,Explainability,Computational cost,No,Hallucinations,Reproducibility,Controllability,No
8,IEEEXplore,213,J. Kim; C. Park; W. Jang; R. Y. C. Kim,Cartoon Extraction Mechanism via UML Model Based on Natural Language Requirement Specs,2023,2023 International Conference on Computational Science and Computational Intelligence (CSCI),https://ieeexplore.ieee.org/stamp/stamp.jsp?arnumber=10590006,IEEE Conferences,176,Yijun,GenAI for RE,YES,full,,√,√,,,"While not directly applying GenAI, the method involves generating UML models and proposing the use of generative AI for cartoon image creation.",Functional Suitability Interaction Capability Flexibility,Not Applicable,,,-,Not Applicable,"Requirement formalization using UML diagrams.
Mapping UML models to visual cartoon elements for further generative applications.",No,1,1,1,0.5,3.5,No,No,No,Explainability,Computational cost,No,No,No,Controllability,No
9,IEEEXplore,216,D. V. Rodriguez; K. Andreadis; J. Chen; J. Gonzalez; D. Mann,Development of a GenAI-Powered Hypertension Management Assistant: Early Development Phases and Architectural Design,2024,2024 IEEE 12th International Conference on Healthcare Informatics (ICHI),https://ieeexplore.ieee.org/stamp/stamp.jsp?arnumber=10628598,IEEE Conferences,177,Yijun,GenAI for RE,YES,full,√,,,√,,"Automates content generation for clinical summaries and patient-provider messaging.
",Functional Suitability Reliability Security,GPT-4,YES,,"FS,ZS", instruction-based,"Generating personalized patient communication.
Creating clinical summaries for hypertension management workflows.",,1,1,1,1,4,Bias,Ethical concerns,Privacy,Explainability,Computational cost,No,Hallucinations,Reproducibility,Controllability,No
10,IEEEXplore,219,C. A. Dos Santos; K. Bouchard; F. Petrillo,AI-Driven User Story Generation,2024,"2024 International Conference on Artificial Intelligence, Computer, Data Sciences and Applications (ACDSA)",https://ieeexplore.ieee.org/stamp/stamp.jsp?arnumber=10467677,IEEE Conferences,179,Yijun,GenAI for RE,YES,full,√,,,,,Fine-tuned GPT-3 is used to generate user stories based on context.,Functional Suitability  Reliability Flexibility,GPT-3,YES,,FS,instruction-based,"Generating user stories based on templates.
Evaluating user story coherence and semantic relevance using BLEU, ROUGE-N, and BERTScore.",YES,1,1,1,1,4,Bias,No,No,Explainability,Computational cost,No,Hallucinations,Reproducibility,Controllability,No
11,IEEEXplore,228,S. Santos; T. Breaux; T. Norton; S. Haghighi; S. Ghanavati,Requirements Satisfiability with In-Context Learning,2024,2024 IEEE 32nd International Requirements Engineering Conference (RE),https://ieeexplore.ieee.org/stamp/stamp.jsp?arnumber=10628468,IEEE Conferences,181,,,YES,full,,,,√,,,Functional Suitability， Reliability,"GPT-3.5-turbo, GPT-4",NO,0.7 top1.0,ZS FS COT,Inst,,,1,1,1,1,4,no,YES,no,YES,YES,YES,YES,YES,YES,no
12,IEEEXplore,229,A. D. Rodriguez; K. R. Dearstyne; J. Cleland-Huang,Prompts Matter: Insights and Strategies for Prompt Engineering in Automated Software Traceability,2023,2023 IEEE 31st International Requirements Engineering Conference Workshops (REW),https://ieeexplore.ieee.org/stamp/stamp.jsp?arnumber=10260721,IEEE Conferences,182,Yijun,GenAI for RE,YES,full,,,,√,√,"Utilizes LLMs (e.g., Claude, GPT-3) for trace link prediction.
Automatic demand tracking",Functional Suitability Maintainability Flexibility,"Claude, GPT-3",No,,"ZS,FS,COT",instruction-based,"Traceability link generation using classification and ranking.
Validation of traceability predictions with intermediate reasoning.",YES,1,1,1,1,4,Bias,No,No,Explainability,Computational cost,No,Hallucinations,Reproducibility,Controllability,No
13,IEEEXplore,233,D. Luitel; S. Nejati; M. Sabetzadeh,Requirements-Driven Slicing of Simulink Models using LLMs,2024,2024 IEEE 32nd International Requirements Engineering Conference Workshops (REW),https://ieeexplore.ieee.org/stamp/stamp.jsp?arnumber=10628750,IEEE Conferences,183,Yijun,GenAI for RE,YES,full,√,,√,√,,LLMs are used for transforming Simulink models into textual formats and identifying relevant blocks to create model slices.,Functional Suitability Maintainability Reliability,GPT-4,No,0.7,"ZS,FS,COT", instruction-based,"Requirements-driven slicing for simplifying model analysis.
Validation of model slices against specified requirements.",YES,1,1,1,1,4,No,No,Security,Explainability,Computational cost,No,Hallucinations,Reproducibility,Controllability,No
14,IEEEXplore,235,R. Sera; H. Washizaki; J. Chen; Y. Fukazawa; M. Taga; K. Nakagawa; Y. Sakai; K. Honda,Development of Data-driven Persona Including User Behavior and Pain Point through Clustering with User Log of B2B Software,2024,2024 IEEE/ACM 17th International Conference on Cooperative and Human Aspects of Software Engineering (CHASE),https://ieeexplore.ieee.org/stamp/stamp.jsp?arnumber=10556427,IEEE Conferences,184,Yijun,GenAI for RE,YES,full,√,√,,,,"ChatGPT generates persona attributes (e.g., names, ages) based on user behavior clustering and identified pain points.",Functional Suitability Interaction Capability Flexibility,ChatGPT,No,,FS, instruction-based,"Persona construction with attributes like age, behaviors, and demographics.
Behavior clustering to analyze user logs for pain point detection.",YES,1,1,1,1,4,Bias,No,Privacy,Explainability,Computational cost,No,Hallucinations,Reproducibility,Controllability,No
15,IEEEXplore,237,G. De Vito; F. Palomba; C. Gravino; S. Di Martino; F. Ferrucci,ECHO: An Approach to Enhance Use Case Quality Exploiting Large Language Models,2023,2023 49th Euromicro Conference on Software Engineering and Advanced Applications (SEAA),https://ieeexplore.ieee.org/stamp/stamp.jsp?arnumber=10371553,IEEE Conferences,186,Yijun,GenAI for RE,YES,full,√,,,√,,ChatGPT is used for iterative quality improvement of UML use cases.,Functional Suitability Interaction Capability Reliability,ChatGPT,No,,FS, instruction-based and iterative,"Use case quality analysis.
Iterative improvement of UML use cases based on defined criteria (completeness, correctness, and clarity).",YES,1,1,1,1,4,No,No,No,Explainability,Computational cost,No,Hallucinations,Reproducibility,Controllability,No
1,ArXiv,244,"Mohammadmehdi Ataei, Hyunmin Cheong, Daniele Grandi, Ye Wang, Nigel Morris, Alexander Tessier",Elicitron: An LLM Agent-Based Simulation Framework for Design Requirements Elicitation,2024,,https://arxiv.org/abs/2404.16045,,191,,,YES,full,√,,,,,,Functional Suitability，Usability,GPT-4-Turbo,No,-,ZS COT,Inst， Iter,Diverse user agent generation,,1,1,0.5,1,3.5,no,no,no,yes,yes,no,yes,no,yes,no
2,ArXiv,248,"Nicholas Pangakis, Samuel Wolken, Neil Fasching",Automated Annotation with Generative AI Requires Validation,2023,,https://arxiv.org/abs/2306.00176,,193,Yijun,GenAI for RE,YES,Full,,√,,,,"GPT-4 is used for automated annotation, emphasizing tasks like data consistency and validation.",Functional Suitabilit  Reliability Maintainability,GPT-4,No,,-,instruction-based,"Automated dataset annotation.
Validation of human annotations.
Improvement of codebooks for specific classification tasks.",YES,1,1,1,1,4,Bias,Ethical concerns,Privacy,Explainability,Computational cost,No,Hallucinations,Reproducibility,Controllability,No
3,ArXiv,249,,MARE: Multi-Agents Collaboration Framework for Requirements Engineering,2024,,https://arxiv.org/abs/2405.03256,,194,Haowei,,YES,full,√,,√,√,,,Functional Suitability，Reliability,GPT 3.5 turbo,NO,0,-,Inst，Iter,,,1,1,0.5,1,3.5,no,no,no,YES,YES,no,YES,YES,YES,no
4,ArXiv,250,,Semantic API Alignment: Linking High-level User Goals to APIs,2024,,https://arxiv.org/abs/2405.04236,,195,Haowei,,YES,Short,√,,√,√,,, Compatibility，Reliability,GPT4,No,-,-,Inst，Iter,,,1,1,0.5,1,3.5,no,no,YES,no,no,YES,no,no,YES,no
5,ArXiv,251,,LLM-based agents for automating the enhancement of user story quality: An early report,2024,,https://arxiv.org/abs/2403.09442,,196,Haowei,,YES,full,,,√,,,,Usability，Reliability,GPT-3.5-Turbo， GPT-4,NO,1,FS,Inst，Iter,,,1,1,1,1,4,no,no,no,YES,YES,no,YES,YES,YES,no
6,ArXiv,252,,Model Generation from Requirements with LLMs: an Exploratory Study,2024,,https://arxiv.org/abs/2404.06371,,197,Haowei,LLM in RE,YES,full,,,√,,,Use ChatGPT to automatically generate UML sequence diagrams from natural language requirements,"Functional Suitability 
Reliability 
Interaction Capability ",GPT3.5,No,-,ZS,INSt,Model Generation from Requirements,YES,1,1,1,1,4,no,no,no ,YES,no,no,YES,YES,YES,no
,,,,,2,,,,,,,,8,19,12,7,11,1,,,,,,,,,,,,,,,,,,,,,,,,
,,,,,20,,,,,,,,97,26,35,30,19,8,,,,,,,,,,104,97,80,83,64,,,,,,,,,,
,,,,,83,,,,,,,,FULL:97/ short:8,45,47,37,30,9,,,,,,,,,,1,8,23,21,28,,,,,,,,,,
,,,,,"2022: 2
2023:20
2024: 83",,,,,,,,,,,,,,,,,,,,,,,0,0,2,1,10,,,,,,,,,,
,,,,,,,,,,,,,,,,,,,,,,,,,,,,,,,,1,,,,,,,,,,
,,,,,,,,,,,,,,,,,,,,,,,,,,,,,,,,2,,,,,,,,,,
,,,,,,,,,,,,,,,,,,,,,,,,,,,,,,,,105,,,,,,,,,,